node,pagerank
0,0.15
1,0.15
2,0.15
3,0.15
4,0.15
5,0.15
6,0.15
7,0.15
8,0.15
9,0.16
10,0.15
11,0.15
12,0.15
13,0.15
14,0.15
15,0.15
16,0.15
17,0.15
18,0.15
19,0.16
20,0.17
21,0.16
22,0.16
23,0.15
24,0.15
25,0.16
26,0.17
27,0.15
28,0.16
29,0.17
30,0.15
31,0.16
32,0.15
33,0.15
34,0.15
35,0.15
36,0.15
37,0.15
38,0.16
39,0.15
40,0.17
41,0.20
42,0.28
43,0.15
44,0.17
45,0.15
46,0.15
47,0.15
48,0.17
49,0.15
50,0.15
51,0.17
52,0.15
53,0.17
54,0.20
55,0.15
56,0.19
57,0.17
58,0.15
59,0.16
60,0.15
61,0.16
62,0.15
63,0.15
64,0.15
65,0.16
66,0.16
67,0.24
68,0.15
69,0.17
70,0.15
71,0.15
72,0.17
73,0.18
74,0.15
75,0.16
76,0.15
77,0.15
78,0.16
79,0.16
80,0.18
81,0.15
82,0.21
83,0.22
84,0.31
85,0.17
86,0.15
87,0.18
88,0.22
89,0.19
90,0.15
91,0.17
92,0.19
93,0.19
94,0.19
95,0.21
96,0.16
97,0.15
98,0.19
99,0.17
100,0.17
101,0.19
102,0.17
103,0.17
104,0.19
105,0.20
106,0.18
107,0.16
108,0.18
109,0.20
110,0.19
111,0.26
112,0.16
113,0.21
114,0.15
115,0.23
116,0.23
117,0.20
118,0.23
119,0.41
120,0.15
121,0.21
122,0.26
123,0.19
124,0.16
125,0.16
126,0.21
127,0.18
128,0.19
129,0.16
130,0.22
131,0.17
132,0.19
133,0.19
134,0.21
135,0.18
136,0.31
137,0.27
138,0.16
139,0.16
140,0.25
141,0.24
142,0.29
143,0.37
144,0.29
145,0.15
146,0.18
147,0.27
148,0.26
149,0.28
150,0.21
151,0.22
152,0.16
153,0.15
154,0.15
155,0.16
156,0.19
157,0.35
158,0.26
159,0.20
160,0.15
161,0.22
162,0.22
163,0.21
164,0.17
165,0.21
166,0.15
167,0.23
168,0.23
169,0.42
170,0.33
171,0.22
172,0.29
173,0.32
174,0.30
175,0.34
176,0.23
177,0.36
178,0.19
179,0.41
180,0.22
181,0.23
182,0.21
183,0.17
184,0.27
185,0.29
186,0.31
187,0.23
188,0.45
189,0.24
190,0.18
191,0.18
192,0.34
193,0.33
194,0.26
195,0.22
196,0.21
197,0.28
198,0.19
199,0.31
200,0.48
201,0.19
202,0.23
203,0.40
204,0.31
205,0.44
206,0.20
207,0.15
208,0.18
209,0.15
210,0.15
211,0.26
212,0.20
213,0.35
214,0.34
215,0.15
216,0.15
217,0.45
218,0.25
219,0.45
220,0.17
221,0.18
222,0.20
223,0.29
224,0.35
225,0.42
226,0.32
227,0.66
228,0.16
229,0.34
230,0.47
231,0.36
232,0.34
233,0.15
234,0.15
235,0.20
236,0.47
237,0.34
238,0.33
239,0.81
240,0.20
241,0.19
242,0.38
243,0.38
244,0.15
245,0.20
246,0.22
247,0.21
248,0.31
249,0.48
250,0.17
251,0.30
252,0.76
253,0.53
254,0.40
255,0.19
256,0.28
257,0.28
258,0.30
259,0.89
260,0.55
261,0.53
262,0.24
263,0.44
264,1.03
265,0.48
266,0.48
267,0.16
268,0.26
269,0.26
270,0.30
271,1.08
272,0.78
273,0.31
274,0.28
275,0.44
276,0.43
277,0.95
278,0.81
279,0.18
280,0.94
281,0.45
282,0.28
283,0.30
284,0.51
285,1.05
286,0.21
287,0.15
288,0.16
289,0.23
290,0.44
291,0.94
292,0.15
293,0.41
294,0.23
295,0.35
296,0.81
297,0.58
298,0.35
299,0.48
300,0.29
301,0.28
302,0.71
303,0.50
304,1.13
305,0.15
306,0.58
307,0.42
308,0.49
309,0.59
310,0.57
311,0.31
312,1.26
313,0.87
314,0.50
315,1.97
316,0.16
317,0.24
318,0.34
319,0.77
320,1.38
321,0.24
322,2.99
323,1.99
324,1.62
325,1.20
326,1.14
327,0.90
328,1.08
329,3.16
330,0.85
331,0.75
332,5.72
333,0.38
334,1.24
335,0.15
336,0.17
337,0.93
338,0.34
339,2.88
340,1.77
341,1.71
342,2.88
343,2.40
344,0.41
345,1.26
346,2.50
347,1.58
348,0.24
349,0.15
350,0.15
351,0.17
352,0.15
353,0.15
354,0.15
355,0.16
356,0.15
357,0.15
358,0.15
359,0.16
360,0.15
361,0.17
362,0.15
363,0.15
364,0.21
365,0.15
366,0.15
367,0.16
368,0.16
369,0.16
370,0.16
371,0.16
372,0.15
373,0.18
374,0.16
375,0.16
376,0.19
377,0.15
378,0.18
379,0.15
380,0.16
381,0.16
382,0.16
383,0.28
384,0.16
385,0.15
386,0.15
387,0.40
388,0.16
389,0.19
390,0.15
391,0.17
392,0.15
393,0.20
394,0.17
395,0.18
396,0.18
397,0.19
398,0.18
399,0.24
400,0.19
401,0.22
402,0.19
403,0.19
404,0.19
405,0.17
406,0.16
407,0.16
408,0.24
409,0.19
410,0.19
411,0.22
412,0.24
413,0.17
414,0.25
415,0.20
416,0.17
417,0.21
418,0.18
419,0.23
420,0.16
421,0.20
422,0.20
423,0.20
424,0.20
425,0.16
426,0.18
427,0.20
428,0.32
429,0.16
430,0.20
431,0.25
432,0.22
433,0.17
434,0.21
435,0.18
436,0.24
437,0.22
438,0.23
439,0.20
440,0.17
441,0.29
442,0.17
443,0.15
444,0.25
445,0.24
446,0.16
447,0.15
448,0.17
449,0.18
450,0.22
451,0.19
452,0.25
453,0.30
454,0.20
455,0.28
456,0.29
457,0.23
458,0.21
459,0.21
460,0.53
461,0.27
462,0.22
463,0.33
464,0.29
465,0.37
466,0.18
467,0.17
468,0.28
469,0.25
470,0.23
471,0.23
472,0.22
473,0.28
474,0.24
475,0.51
476,0.33
477,0.20
478,0.22
479,0.28
480,0.18
481,0.31
482,0.25
483,0.38
484,0.31
485,0.19
486,0.29
487,0.29
488,0.22
489,0.31
490,0.21
491,0.23
492,0.34
493,0.38
494,0.25
495,0.27
496,0.36
497,0.53
498,0.49
499,0.17
500,0.48
501,0.65
502,0.31
503,0.44
504,0.39
505,0.29
506,0.43
507,0.56
508,0.32
509,0.35
510,0.34
511,0.28
512,0.29
513,0.65
514,0.49
515,0.46
516,0.52
517,0.67
518,0.61
519,0.39
520,0.53
521,0.28
522,0.25
523,0.49
524,0.61
525,0.68
526,0.40
527,0.54
528,0.27
529,0.26
530,0.17
531,0.74
532,1.09
533,0.32
534,0.36
535,0.29
536,0.37
537,0.45
538,0.79
539,0.75
540,0.22
541,0.26
542,0.78
543,0.46
544,0.96
545,0.87
546,0.60
547,0.72
548,0.93
549,0.25
550,0.15
551,0.77
552,0.47
553,1.13
554,1.41
555,1.43
556,1.08
557,2.21
558,0.49
559,1.34
560,0.93
561,1.77
562,0.21
563,3.81
564,1.15
565,0.90
566,1.28
567,1.25
568,0.77
569,0.50
570,2.93
571,0.17
572,1.18
573,0.15
574,0.15
575,0.16
576,0.15
577,0.15
578,0.17
579,0.19
580,0.80
581,0.15
582,0.16
583,0.18
584,0.17
585,0.15
586,0.16
587,0.19
588,0.16
589,0.17
590,0.27
591,0.88
592,0.21
593,0.24
594,0.32
595,0.18
596,0.20
597,0.18
598,0.17
599,0.18
600,0.21
601,0.23
602,0.15
603,0.18
604,1.07
605,0.20
606,0.83
607,0.15
608,0.15
609,0.33
610,0.25
611,0.20
612,0.24
613,0.15
614,0.59
615,0.22
616,0.19
617,0.29
618,0.25
619,0.31
620,0.29
621,0.19
622,0.27
623,0.32
624,0.15
625,0.37
626,0.22
627,0.23
628,0.19
629,0.17
630,0.51
631,0.24
632,0.25
633,0.30
634,0.53
635,0.26
636,0.47
637,0.82
638,0.15
639,0.28
640,0.29
641,0.39
642,0.28
643,0.33
644,0.60
645,1.06
646,0.68
647,0.39
648,0.17
649,0.19
650,0.37
651,1.77
652,0.29
653,0.51
654,0.72
655,0.19
656,0.17
657,0.39
658,0.43
659,0.48
660,0.18
661,0.53
662,0.65
663,0.34
664,0.58
665,0.72
666,0.92
667,0.21
668,0.15
669,1.12
670,1.07
671,1.42
672,0.34
673,0.29
674,0.15
675,1.49
676,0.75
677,0.59
678,1.04
679,0.53
680,1.69
681,2.51
682,1.64
683,1.99
684,1.45
685,1.71
686,0.15
687,0.15
688,0.16
689,0.15
690,0.15
691,0.15
692,0.15
693,0.15
694,0.17
695,0.17
696,0.16
697,0.18
698,0.15
699,0.15
700,0.15
701,0.16
702,0.17
703,0.16
704,0.15
705,0.17
706,0.16
707,0.15
708,0.16
709,0.16
710,0.15
711,0.18
712,0.18
713,0.22
714,0.22
715,0.15
716,0.15
717,0.15
718,0.18
719,0.20
720,0.16
721,0.16
722,0.17
723,0.15
724,0.20
725,0.20
726,0.20
727,0.19
728,0.18
729,0.15
730,0.18
731,0.20
732,0.25
733,0.15
734,0.19
735,0.15
736,0.26
737,0.18
738,0.22
739,0.19
740,0.16
741,0.17
742,0.22
743,0.15
744,0.15
745,0.34
746,0.25
747,0.27
748,0.20
749,0.15
750,0.15
751,0.19
752,0.25
753,0.18
754,0.22
755,0.18
756,0.18
757,0.29
758,0.21
759,0.21
760,0.23
761,0.15
762,0.17
763,0.20
764,0.23
765,0.17
766,0.35
767,0.20
768,0.30
769,0.22
770,0.45
771,0.29
772,0.22
773,0.27
774,0.29
775,0.39
776,0.15
777,0.28
778,0.21
779,0.27
780,0.34
781,0.43
782,0.38
783,0.27
784,0.43
785,0.16
786,0.31
787,0.34
788,0.20
789,0.36
790,0.17
791,0.21
792,0.25
793,0.31
794,0.27
795,0.43
796,0.24
797,0.41
798,0.22
799,0.26
800,0.41
801,0.15
802,0.21
803,0.35
804,0.26
805,0.61
806,0.70
807,0.30
808,0.30
809,0.63
810,0.40
811,0.22
812,0.19
813,0.48
814,0.46
815,0.46
816,0.32
817,0.70
818,0.70
819,0.56
820,0.60
821,0.20
822,0.86
823,0.74
824,0.78
825,0.15
826,0.30
827,1.23
828,1.62
829,1.13
830,1.23
831,0.37
832,0.36
833,1.42
834,1.35
835,0.57
836,0.48
837,0.71
838,0.91
839,1.16
840,1.65
841,0.18
842,1.64
843,0.38
844,0.74
845,0.64
846,0.49
847,1.16
848,2.04
849,1.51
850,0.89
851,0.25
852,0.29
853,4.78
854,0.19
855,0.53
856,1.94
857,0.15
858,0.15
859,0.15
860,0.15
861,0.37
862,0.16
863,0.41
864,0.35
865,0.17
866,0.15
867,0.17
868,0.31
869,0.42
870,0.18
871,0.23
872,0.19
873,0.24
874,0.34
875,0.15
876,0.47
877,0.19
878,0.55
879,0.28
880,0.41
881,0.43
882,0.49
883,0.15
884,0.33
885,0.77
886,0.69
887,1.04
888,0.71
889,2.16
890,0.63
891,0.15
892,0.15
893,0.75
894,0.33
895,0.68
896,0.16
897,0.15
898,0.15
899,0.15
900,0.15
901,0.15
902,0.15
903,0.15
904,0.16
905,0.21
906,0.15
907,0.15
908,0.16
909,0.15
910,0.15
911,0.15
912,0.18
913,0.15
914,0.15
915,0.18
916,0.15
917,0.18
918,0.15
919,0.17
920,0.15
921,0.16
922,0.15
923,0.15
924,0.15
925,0.15
926,0.15
927,0.15
928,0.15
929,0.15
930,0.19
931,0.16
932,0.15
933,0.15
934,0.15
935,0.15
936,0.29
937,0.15
938,0.16
939,0.16
940,0.15
941,0.16
942,0.17
943,0.15
944,0.15
945,0.15
946,0.16
947,0.16
948,0.19
949,0.15
950,0.15
951,0.15
952,0.15
953,0.16
954,0.16
955,0.16
956,0.15
957,0.16
958,0.15
959,0.15
960,0.16
961,0.17
962,0.17
963,0.17
964,0.15
965,0.16
966,0.16
967,0.16
968,0.23
969,0.16
970,0.15
971,0.17
972,0.16
973,0.16
974,0.15
975,0.16
976,0.20
977,0.15
978,0.16
979,0.16
980,0.17
981,0.16
982,0.16
983,0.16
984,0.17
985,0.15
986,0.17
987,0.15
988,0.16
989,0.15
990,0.16
991,0.16
992,0.17
993,0.17
994,0.15
995,0.16
996,0.15
997,0.16
998,0.15
999,0.16
1000,0.19
1001,0.24
1002,0.15
1003,0.15
1004,0.16
1005,0.16
1006,0.17
1007,0.17
1008,0.15
1009,0.16
1010,0.18
1011,0.20
1012,0.23
1013,0.32
1014,0.20
1015,0.16
1016,0.18
1017,0.17
1018,0.17
1019,0.17
1020,0.18
1021,0.18
1022,0.15
1023,0.23
1024,0.16
1025,0.21
1026,0.17
1027,0.15
1028,0.16
1029,0.19
1030,0.18
1031,0.15
1032,0.20
1033,0.17
1034,0.16
1035,0.19
1036,0.17
1037,0.18
1038,0.16
1039,0.15
1040,0.18
1041,0.18
1042,0.16
1043,0.20
1044,0.17
1045,0.20
1046,0.15
1047,0.17
1048,0.16
1049,0.16
1050,0.15
1051,0.19
1052,0.22
1053,0.15
1054,0.17
1055,0.16
1056,0.17
1057,0.15
1058,0.15
1059,0.18
1060,0.18
1061,0.17
1062,0.18
1063,0.16
1064,0.18
1065,0.15
1066,0.19
1067,0.21
1068,0.16
1069,0.18
1070,0.40
1071,0.15
1072,0.18
1073,0.21
1074,0.18
1075,0.18
1076,0.17
1077,0.18
1078,0.20
1079,0.17
1080,0.26
1081,0.18
1082,0.17
1083,0.18
1084,0.16
1085,0.16
1086,0.30
1087,0.21
1088,0.17
1089,0.17
1090,0.17
1091,0.16
1092,0.17
1093,0.15
1094,0.16
1095,0.21
1096,0.15
1097,0.18
1098,0.21
1099,0.20
1100,0.19
1101,0.20
1102,0.19
1103,0.16
1104,0.24
1105,0.19
1106,0.19
1107,0.18
1108,0.19
1109,0.25
1110,0.20
1111,0.24
1112,0.16
1113,0.28
1114,0.24
1115,0.16
1116,0.16
1117,0.17
1118,0.19
1119,0.15
1120,0.18
1121,0.18
1122,0.33
1123,0.17
1124,0.19
1125,0.18
1126,0.20
1127,0.22
1128,0.24
1129,0.19
1130,0.17
1131,0.19
1132,0.19
1133,0.22
1134,0.20
1135,0.17
1136,0.36
1137,0.18
1138,0.27
1139,0.17
1140,0.16
1141,0.17
1142,0.21
1143,0.16
1144,0.20
1145,0.15
1146,0.19
1147,0.16
1148,0.20
1149,0.18
1150,0.16
1151,0.16
1152,0.17
1153,0.19
1154,0.17
1155,0.30
1156,0.18
1157,0.15
1158,0.21
1159,0.22
1160,0.19
1161,0.20
1162,0.15
1163,0.20
1164,0.16
1165,0.24
1166,0.20
1167,0.18
1168,0.19
1169,0.22
1170,0.21
1171,0.26
1172,0.20
1173,0.26
1174,0.21
1175,0.20
1176,0.15
1177,0.27
1178,0.20
1179,0.33
1180,0.17
1181,0.17
1182,0.20
1183,0.22
1184,0.20
1185,0.22
1186,0.18
1187,0.17
1188,0.21
1189,0.24
1190,0.17
1191,0.21
1192,0.25
1193,0.19
1194,0.21
1195,0.17
1196,0.16
1197,0.33
1198,0.17
1199,0.25
1200,0.15
1201,0.18
1202,0.28
1203,0.15
1204,0.24
1205,0.20
1206,0.15
1207,0.20
1208,0.27
1209,0.19
1210,0.24
1211,0.23
1212,0.19
1213,0.20
1214,0.21
1215,0.23
1216,0.21
1217,0.38
1218,0.26
1219,0.18
1220,0.15
1221,0.21
1222,0.23
1223,0.28
1224,0.29
1225,0.23
1226,0.25
1227,0.24
1228,0.25
1229,0.20
1230,0.21
1231,0.26
1232,0.22
1233,0.15
1234,0.17
1235,0.29
1236,0.30
1237,0.39
1238,0.27
1239,0.16
1240,0.20
1241,0.18
1242,0.20
1243,0.22
1244,0.20
1245,0.19
1246,0.20
1247,0.18
1248,0.19
1249,0.19
1250,0.22
1251,0.20
1252,0.17
1253,0.27
1254,0.34
1255,0.21
1256,0.25
1257,0.22
1258,0.25
1259,0.30
1260,0.25
1261,0.25
1262,0.15
1263,0.17
1264,0.17
1265,0.18
1266,0.20
1267,0.21
1268,0.27
1269,0.22
1270,0.15
1271,0.23
1272,0.20
1273,0.29
1274,0.18
1275,0.30
1276,0.15
1277,0.32
1278,0.19
1279,0.21
1280,0.22
1281,0.19
1282,0.27
1283,0.39
1284,0.21
1285,0.22
1286,0.19
1287,0.18
1288,0.24
1289,0.21
1290,0.20
1291,0.22
1292,0.22
1293,0.17
1294,0.22
1295,0.23
1296,0.21
1297,0.18
1298,0.25
1299,0.26
1300,0.26
1301,0.19
1302,0.23
1303,0.24
1304,0.37
1305,0.22
1306,0.24
1307,0.29
1308,0.28
1309,0.21
1310,0.28
1311,0.22
1312,0.21
1313,0.32
1314,0.21
1315,0.22
1316,0.21
1317,0.30
1318,0.29
1319,0.20
1320,0.51
1321,0.20
1322,0.34
1323,0.21
1324,0.22
1325,0.25
1326,0.21
1327,0.24
1328,0.25
1329,0.27
1330,0.26
1331,0.30
1332,0.31
1333,0.25
1334,0.26
1335,0.23
1336,0.20
1337,0.27
1338,0.59
1339,0.20
1340,0.18
1341,0.24
1342,0.17
1343,0.29
1344,0.22
1345,0.31
1346,0.18
1347,0.28
1348,0.29
1349,0.36
1350,0.21
1351,0.20
1352,0.38
1353,0.19
1354,0.16
1355,0.39
1356,0.23
1357,0.51
1358,0.54
1359,0.24
1360,0.31
1361,0.27
1362,0.16
1363,0.21
1364,0.18
1365,0.18
1366,0.51
1367,0.33
1368,0.65
1369,0.38
1370,0.26
1371,0.31
1372,0.18
1373,0.33
1374,0.42
1375,0.22
1376,0.32
1377,0.34
1378,0.27
1379,0.24
1380,0.23
1381,0.20
1382,0.26
1383,0.18
1384,0.25
1385,0.22
1386,0.15
1387,0.27
1388,0.24
1389,0.19
1390,0.35
1391,0.36
1392,0.22
1393,0.29
1394,0.19
1395,0.15
1396,0.30
1397,0.24
1398,0.20
1399,0.38
1400,0.30
1401,0.20
1402,0.23
1403,0.31
1404,0.27
1405,0.18
1406,0.27
1407,0.22
1408,0.33
1409,0.30
1410,0.27
1411,0.16
1412,0.23
1413,0.28
1414,0.16
1415,0.29
1416,0.26
1417,0.15
1418,0.22
1419,0.19
1420,0.34
1421,0.31
1422,0.26
1423,0.27
1424,0.22
1425,0.32
1426,0.31
1427,0.41
1428,0.35
1429,0.28
1430,0.15
1431,0.45
1432,0.29
1433,0.30
1434,0.18
1435,0.40
1436,0.30
1437,0.24
1438,0.25
1439,0.17
1440,0.18
1441,0.27
1442,0.28
1443,0.19
1444,0.29
1445,0.21
1446,0.30
1447,0.37
1448,0.31
1449,0.25
1450,0.21
1451,0.22
1452,0.27
1453,0.32
1454,0.29
1455,0.15
1456,0.32
1457,0.24
1458,0.21
1459,0.46
1460,0.23
1461,0.21
1462,0.42
1463,0.17
1464,0.28
1465,0.22
1466,0.15
1467,0.33
1468,0.28
1469,0.58
1470,0.30
1471,0.68
1472,0.80
1473,0.47
1474,0.19
1475,0.40
1476,0.16
1477,0.17
1478,0.31
1479,0.41
1480,0.29
1481,0.21
1482,0.46
1483,0.30
1484,0.20
1485,0.20
1486,0.28
1487,0.65
1488,0.40
1489,0.20
1490,0.19
1491,0.30
1492,0.32
1493,0.28
1494,0.36
1495,0.41
1496,0.45
1497,0.23
1498,0.17
1499,0.44
1500,0.37
1501,0.25
1502,0.47
1503,0.30
1504,0.56
1505,0.70
1506,0.18
1507,0.42
1508,0.26
1509,0.36
1510,0.15
1511,0.37
1512,0.55
1513,0.29
1514,0.32
1515,0.43
1516,0.38
1517,0.21
1518,0.31
1519,0.21
1520,0.33
1521,0.16
1522,0.38
1523,0.29
1524,0.20
1525,0.56
1526,0.28
1527,0.22
1528,0.32
1529,0.42
1530,0.28
1531,0.37
1532,0.20
1533,0.34
1534,0.25
1535,0.28
1536,0.95
1537,0.49
1538,0.25
1539,0.26
1540,0.42
1541,0.47
1542,0.23
1543,0.48
1544,0.28
1545,0.59
1546,0.24
1547,0.33
1548,0.43
1549,0.61
1550,0.26
1551,0.45
1552,0.29
1553,0.30
1554,0.44
1555,0.42
1556,0.22
1557,0.42
1558,0.15
1559,0.52
1560,0.15
1561,0.32
1562,0.34
1563,0.35
1564,0.31
1565,0.44
1566,0.28
1567,0.57
1568,0.37
1569,0.74
1570,0.43
1571,0.31
1572,0.23
1573,0.60
1574,1.14
1575,0.28
1576,0.41
1577,0.19
1578,0.33
1579,0.21
1580,0.32
1581,0.15
1582,0.30
1583,0.60
1584,0.66
1585,0.41
1586,0.30
1587,0.39
1588,0.33
1589,0.56
1590,0.50
1591,0.86
1592,0.30
1593,0.50
1594,0.30
1595,0.35
1596,0.57
1597,0.38
1598,0.44
1599,0.23
1600,0.41
1601,0.43
1602,0.26
1603,0.48
1604,0.53
1605,0.37
1606,0.37
1607,0.21
1608,0.45
1609,0.39
1610,0.62
1611,0.60
1612,0.57
1613,0.67
1614,0.33
1615,0.47
1616,0.72
1617,0.44
1618,0.25
1619,0.44
1620,0.65
1621,0.78
1622,0.64
1623,0.41
1624,0.59
1625,0.39
1626,0.32
1627,0.21
1628,0.76
1629,0.38
1630,0.88
1631,0.29
1632,0.37
1633,0.47
1634,0.71
1635,0.38
1636,0.73
1637,0.49
1638,0.32
1639,0.42
1640,0.22
1641,0.31
1642,0.43
1643,0.48
1644,0.38
1645,0.72
1646,0.32
1647,0.51
1648,0.38
1649,0.38
1650,0.42
1651,0.15
1652,0.40
1653,0.38
1654,0.26
1655,0.53
1656,0.37
1657,0.20
1658,0.32
1659,0.38
1660,0.61
1661,0.71
1662,0.59
1663,0.89
1664,0.31
1665,0.56
1666,0.49
1667,0.56
1668,0.54
1669,0.62
1670,0.27
1671,0.51
1672,0.58
1673,0.94
1674,0.44
1675,0.70
1676,0.36
1677,0.61
1678,0.38
1679,0.65
1680,0.59
1681,0.44
1682,0.49
1683,0.66
1684,0.43
1685,0.47
1686,0.76
1687,1.04
1688,0.69
1689,0.61
1690,0.19
1691,0.67
1692,1.16
1693,0.19
1694,0.67
1695,0.69
1696,0.29
1697,0.18
1698,0.53
1699,1.11
1700,0.26
1701,0.24
1702,0.48
1703,1.51
1704,0.44
1705,0.73
1706,0.56
1707,0.92
1708,0.48
1709,1.22
1710,0.20
1711,0.30
1712,0.51
1713,0.28
1714,0.84
1715,0.77
1716,0.94
1717,0.85
1718,0.50
1719,0.62
1720,0.83
1721,0.62
1722,0.43
1723,0.32
1724,0.67
1725,1.24
1726,0.37
1727,0.75
1728,0.49
1729,1.04
1730,1.37
1731,0.30
1732,0.50
1733,0.64
1734,0.34
1735,0.58
1736,0.84
1737,0.55
1738,0.66
1739,0.41
1740,1.07
1741,0.78
1742,0.91
1743,0.65
1744,0.96
1745,0.52
1746,1.24
1747,0.41
1748,0.55
1749,0.55
1750,0.79
1751,0.57
1752,0.86
1753,0.55
1754,0.50
1755,0.16
1756,0.91
1757,0.89
1758,0.55
1759,0.23
1760,0.32
1761,1.15
1762,0.32
1763,0.94
1764,0.59
1765,0.60
1766,1.33
1767,1.18
1768,1.47
1769,0.31
1770,1.41
1771,0.37
1772,0.54
1773,1.09
1774,0.58
1775,0.22
1776,0.29
1777,0.35
1778,1.42
1779,0.50
1780,0.37
1781,0.55
1782,0.56
1783,2.07
1784,0.51
1785,1.58
1786,1.32
1787,0.92
1788,0.96
1789,0.82
1790,0.73
1791,1.16
1792,0.22
1793,1.02
1794,1.44
1795,0.79
1796,0.68
1797,0.20
1798,0.87
1799,1.46
1800,2.43
1801,1.08
1802,0.50
1803,1.04
1804,1.81
1805,0.30
1806,1.08
1807,2.04
1808,1.25
1809,1.02
1810,1.11
1811,0.73
1812,0.74
1813,1.63
1814,0.52
1815,0.47
1816,1.38
1817,0.40
1818,1.23
1819,1.19
1820,1.20
1821,0.27
1822,0.51
1823,1.73
1824,1.25
1825,1.52
1826,1.43
1827,2.84
1828,2.53
1829,0.67
1830,0.65
1831,2.15
1832,0.39
1833,2.63
1834,0.15
1835,2.91
1836,0.55
1837,1.46
1838,0.49
1839,2.92
1840,0.96
1841,1.21
1842,2.22
1843,0.84
1844,4.60
1845,2.95
1846,0.61
1847,1.45
1848,1.57
1849,2.21
1850,0.88
1851,1.29
1852,0.94
1853,1.30
1854,0.32
1855,0.26
1856,0.26
1857,1.55
1858,0.76
1859,1.02
1860,0.76
1861,2.08
1862,2.34
1863,1.70
1864,3.99
1865,0.24
1866,3.00
1867,2.49
1868,2.13
1869,0.66
1870,0.87
1871,3.12
1872,2.18
1873,0.79
1874,0.21
1875,0.89
1876,2.92
1877,1.71
1878,2.32
1879,5.06
1880,1.56
1881,2.33
1882,7.12
1883,1.23
1884,0.83
1885,2.39
1886,2.66
1887,0.41
1888,13.36
1889,0.91
1890,0.53
1891,5.68
1892,1.10
1893,4.75
1894,7.71
1895,2.69
1896,0.46
1897,5.13
1898,7.23
1899,3.20
1900,0.87
1901,1.31
1902,17.43
1903,4.27
1904,1.65
1905,0.92
1906,5.13
1907,9.99
1908,0.83
1909,1.56
1910,8.15
1911,18.28
1912,0.34
1913,0.15
1914,0.15
1915,0.15
1916,0.15
1917,0.15
1918,0.15
1919,0.15
1920,0.16
1921,0.15
1922,0.16
1923,0.15
1924,0.15
1925,0.15
1926,0.16
1927,0.16
1928,0.15
1929,0.15
1930,0.15
1931,0.16
1932,0.16
1933,0.15
1934,0.15
1935,0.17
1936,0.16
1937,0.15
1938,0.15
1939,0.16
1940,0.16
1941,0.16
1942,0.15
1943,0.15
1944,0.15
1945,0.17
1946,0.16
1947,0.16
1948,0.17
1949,0.15
1950,0.15
1951,0.17
1952,0.15
1953,0.15
1954,0.18
1955,0.16
1956,0.15
1957,0.17
1958,0.16
1959,0.16
1960,0.15
1961,0.15
1962,0.16
1963,0.15
1964,0.16
1965,0.15
1966,0.16
1967,0.31
1968,0.17
1969,0.15
1970,0.16
1971,0.16
1972,0.18
1973,0.19
1974,0.15
1975,0.18
1976,0.18
1977,0.15
1978,0.16
1979,0.16
1980,0.20
1981,0.16
1982,0.15
1983,0.16
1984,0.16
1985,0.16
1986,0.16
1987,0.15
1988,0.18
1989,0.16
1990,0.18
1991,0.19
1992,0.16
1993,0.17
1994,0.16
1995,0.21
1996,0.15
1997,0.16
1998,0.20
1999,0.18
2000,0.18
2001,0.21
2002,0.16
2003,0.17
2004,0.22
2005,0.16
2006,0.22
2007,0.19
2008,0.15
2009,0.22
2010,0.17
2011,0.21
2012,0.18
2013,0.17
2014,0.17
2015,0.19
2016,0.17
2017,0.19
2018,0.32
2019,0.15
2020,0.16
2021,0.15
2022,0.26
2023,0.16
2024,0.26
2025,0.19
2026,0.17
2027,0.24
2028,0.17
2029,0.16
2030,0.17
2031,0.16
2032,0.18
2033,0.17
2034,0.15
2035,0.18
2036,0.17
2037,0.18
2038,0.18
2039,0.18
2040,0.17
2041,0.20
2042,0.18
2043,0.17
2044,0.16
2045,0.17
2046,0.17
2047,0.25
2048,0.15
2049,0.21
2050,0.20
2051,0.15
2052,0.18
2053,0.17
2054,0.20
2055,0.16
2056,0.17
2057,0.16
2058,0.18
2059,0.18
2060,0.17
2061,0.26
2062,0.19
2063,0.17
2064,0.18
2065,0.16
2066,0.16
2067,0.17
2068,0.20
2069,0.18
2070,0.15
2071,0.19
2072,0.20
2073,0.18
2074,0.18
2075,0.17
2076,0.16
2077,0.18
2078,0.20
2079,0.15
2080,0.15
2081,0.23
2082,0.16
2083,0.18
2084,0.20
2085,0.17
2086,0.18
2087,0.26
2088,0.20
2089,0.18
2090,0.19
2091,0.20
2092,0.18
2093,0.19
2094,0.15
2095,0.19
2096,0.16
2097,0.25
2098,0.18
2099,0.16
2100,0.15
2101,0.18
2102,0.20
2103,0.20
2104,0.20
2105,0.16
2106,0.15
2107,0.20
2108,0.19
2109,0.19
2110,0.19
2111,0.25
2112,0.19
2113,0.19
2114,0.20
2115,0.19
2116,0.31
2117,0.23
2118,0.20
2119,0.17
2120,0.23
2121,0.20
2122,0.19
2123,0.21
2124,0.20
2125,0.21
2126,0.33
2127,0.20
2128,0.23
2129,0.25
2130,0.16
2131,0.21
2132,0.22
2133,0.26
2134,0.21
2135,0.19
2136,0.18
2137,0.17
2138,0.23
2139,0.21
2140,0.21
2141,0.17
2142,0.25
2143,0.25
2144,0.19
2145,0.21
2146,0.22
2147,0.17
2148,0.21
2149,0.22
2150,0.23
2151,0.21
2152,0.30
2153,0.25
2154,0.22
2155,0.17
2156,0.31
2157,0.29
2158,0.16
2159,0.29
2160,0.27
2161,0.20
2162,0.20
2163,0.17
2164,0.18
2165,0.20
2166,0.17
2167,0.17
2168,0.19
2169,0.22
2170,0.18
2171,0.38
2172,0.24
2173,0.28
2174,0.24
2175,0.16
2176,0.30
2177,0.15
2178,0.15
2179,0.19
2180,0.23
2181,0.21
2182,0.16
2183,0.27
2184,0.23
2185,0.17
2186,0.17
2187,0.26
2188,0.24
2189,0.23
2190,0.22
2191,0.22
2192,0.28
2193,0.20
2194,0.24
2195,0.15
2196,0.25
2197,0.24
2198,0.22
2199,0.32
2200,0.24
2201,0.24
2202,0.31
2203,0.25
2204,0.17
2205,0.17
2206,0.26
2207,0.21
2208,0.17
2209,0.21
2210,0.20
2211,0.30
2212,0.21
2213,0.19
2214,0.22
2215,0.22
2216,0.22
2217,0.20
2218,0.26
2219,0.16
2220,0.25
2221,0.20
2222,0.22
2223,0.26
2224,0.29
2225,0.35
2226,0.22
2227,0.16
2228,0.24
2229,0.27
2230,0.16
2231,0.30
2232,0.28
2233,0.30
2234,0.18
2235,0.24
2236,0.35
2237,0.21
2238,0.21
2239,0.20
2240,0.26
2241,0.28
2242,0.24
2243,0.22
2244,0.27
2245,0.19
2246,0.28
2247,0.30
2248,0.24
2249,0.16
2250,0.28
2251,0.23
2252,0.17
2253,0.24
2254,0.27
2255,0.19
2256,0.18
2257,0.24
2258,0.17
2259,0.24
2260,0.34
2261,0.23
2262,0.17
2263,0.18
2264,0.26
2265,0.28
2266,0.34
2267,0.27
2268,0.40
2269,0.15
2270,0.18
2271,0.28
2272,0.22
2273,0.29
2274,0.20
2275,0.27
2276,0.26
2277,0.22
2278,0.28
2279,0.32
2280,0.23
2281,0.30
2282,0.40
2283,0.45
2284,0.40
2285,0.23
2286,0.28
2287,0.20
2288,0.20
2289,0.58
2290,0.29
2291,0.37
2292,0.38
2293,0.23
2294,0.39
2295,0.17
2296,0.27
2297,0.33
2298,0.18
2299,0.26
2300,0.29
2301,0.34
2302,0.43
2303,0.20
2304,0.28
2305,0.18
2306,0.23
2307,0.25
2308,0.27
2309,0.33
2310,0.21
2311,0.21
2312,0.18
2313,0.75
2314,0.26
2315,0.26
2316,0.27
2317,0.31
2318,0.35
2319,0.37
2320,0.23
2321,0.30
2322,0.33
2323,0.30
2324,0.35
2325,0.47
2326,0.31
2327,0.38
2328,0.52
2329,0.26
2330,0.25
2331,0.32
2332,0.36
2333,0.56
2334,0.29
2335,0.45
2336,0.51
2337,0.29
2338,0.38
2339,0.34
2340,0.33
2341,0.57
2342,0.30
2343,0.35
2344,0.44
2345,0.42
2346,0.29
2347,0.59
2348,0.30
2349,0.23
2350,0.24
2351,0.44
2352,0.32
2353,0.24
2354,0.34
2355,0.23
2356,0.33
2357,0.35
2358,0.23
2359,0.30
2360,0.33
2361,0.61
2362,0.27
2363,0.35
2364,0.52
2365,0.48
2366,0.36
2367,0.35
2368,0.38
2369,0.37
2370,0.34
2371,0.55
2372,0.48
2373,0.31
2374,0.34
2375,0.18
2376,0.40
2377,0.40
2378,0.48
2379,0.34
2380,0.17
2381,0.35
2382,0.15
2383,0.20
2384,0.69
2385,0.41
2386,0.33
2387,0.27
2388,0.24
2389,0.27
2390,0.30
2391,0.36
2392,0.25
2393,0.27
2394,0.43
2395,0.42
2396,0.37
2397,0.55
2398,0.43
2399,0.38
2400,0.25
2401,0.27
2402,0.40
2403,0.32
2404,0.47
2405,0.45
2406,0.62
2407,0.27
2408,0.35
2409,0.41
2410,0.49
2411,0.78
2412,0.89
2413,0.28
2414,0.42
2415,0.33
2416,0.38
2417,0.42
2418,0.33
2419,0.57
2420,0.40
2421,0.48
2422,0.18
2423,0.42
2424,0.31
2425,0.42
2426,0.27
2427,0.20
2428,0.51
2429,0.36
2430,0.40
2431,0.20
2432,0.30
2433,0.39
2434,0.61
2435,0.33
2436,0.42
2437,0.49
2438,0.51
2439,0.26
2440,0.52
2441,0.24
2442,0.15
2443,0.24
2444,0.29
2445,0.41
2446,0.44
2447,0.51
2448,0.81
2449,0.35
2450,0.31
2451,0.59
2452,0.22
2453,0.41
2454,0.22
2455,0.60
2456,0.46
2457,0.15
2458,0.59
2459,0.60
2460,0.44
2461,0.67
2462,0.35
2463,0.63
2464,0.51
2465,0.33
2466,0.29
2467,0.41
2468,0.60
2469,0.39
2470,0.15
2471,0.72
2472,0.43
2473,0.49
2474,0.49
2475,0.55
2476,0.30
2477,0.38
2478,0.57
2479,0.44
2480,0.43
2481,0.17
2482,0.55
2483,0.15
2484,0.38
2485,0.43
2486,0.40
2487,0.48
2488,1.28
2489,0.40
2490,0.39
2491,0.74
2492,0.56
2493,0.18
2494,0.47
2495,0.47
2496,0.22
2497,0.73
2498,0.72
2499,0.54
2500,0.58
2501,0.65
2502,0.32
2503,0.61
2504,0.50
2505,0.35
2506,0.44
2507,0.75
2508,0.70
2509,1.05
2510,0.92
2511,1.10
2512,0.89
2513,0.47
2514,0.28
2515,0.44
2516,0.73
2517,0.30
2518,0.61
2519,0.51
2520,0.65
2521,0.54
2522,0.23
2523,0.79
2524,0.23
2525,0.44
2526,0.94
2527,0.24
2528,0.32
2529,0.52
2530,0.40
2531,0.49
2532,0.41
2533,0.69
2534,1.14
2535,1.03
2536,0.38
2537,1.03
2538,0.74
2539,0.57
2540,0.75
2541,0.54
2542,0.94
2543,1.93
2544,0.53
2545,0.38
2546,0.64
2547,0.54
2548,0.37
2549,0.67
2550,0.71
2551,0.74
2552,0.56
2553,0.84
2554,0.44
2555,1.29
2556,0.63
2557,0.71
2558,1.31
2559,0.73
2560,1.21
2561,0.93
2562,0.47
2563,0.60
2564,1.06
2565,0.23
2566,0.90
2567,1.37
2568,0.26
2569,0.15
2570,1.72
2571,0.47
2572,0.33
2573,0.82
2574,0.72
2575,0.85
2576,0.53
2577,1.34
2578,1.02
2579,0.87
2580,0.35
2581,0.74
2582,1.21
2583,0.59
2584,0.34
2585,0.45
2586,1.26
2587,2.47
2588,1.12
2589,0.97
2590,1.47
2591,0.82
2592,1.51
2593,1.46
2594,1.46
2595,0.42
2596,0.15
2597,1.61
2598,3.19
2599,0.31
2600,1.56
2601,1.66
2602,1.97
2603,1.28
2604,1.79
2605,0.30
2606,0.90
2607,2.10
2608,1.93
2609,1.16
2610,2.45
2611,2.98
2612,1.72
2613,0.48
2614,0.82
2615,2.48
2616,2.51
2617,3.84
2618,1.37
2619,2.53
2620,0.71
2621,0.66
2622,0.99
2623,1.93
2624,3.37
2625,3.69
2626,0.56
2627,0.50
2628,2.79
2629,4.41
2630,4.25
2631,4.04
2632,0.78
2633,0.66
2634,0.57
2635,0.64
2636,0.64
2637,1.50
2638,4.95
2639,0.89
2640,1.16
2641,1.15
2642,5.98
2643,4.88
2644,3.62
2645,1.62
2646,4.59
2647,1.53
2648,1.67
2649,12.17
2650,1.93
2651,0.68
2652,2.32
2653,5.38
2654,9.56
2655,17.58
2656,0.93
2657,2.32
2658,1.81
2659,4.78
2660,6.99
2661,0.15
2662,0.15
2663,0.15
2664,0.15
2665,0.15
2666,0.15
2667,0.15
2668,0.15
2669,0.15
2670,0.15
2671,0.15
2672,0.15
2673,0.15
2674,0.15
2675,0.15
2676,0.16
2677,0.23
2678,0.21
2679,0.15
2680,0.15
2681,0.15
2682,0.15
2683,0.16
2684,0.15
2685,0.15
2686,0.15
2687,0.15
2688,0.17
2689,0.16
2690,0.16
2691,0.15
2692,0.16
2693,0.20
2694,0.16
2695,0.15
2696,0.15
2697,0.16
2698,0.16
2699,0.16
2700,0.15
2701,0.16
2702,0.16
2703,0.17
2704,0.16
2705,0.16
2706,0.17
2707,0.17
2708,0.17
2709,0.16
2710,0.16
2711,0.16
2712,0.15
2713,0.15
2714,0.16
2715,0.15
2716,0.17
2717,0.16
2718,0.15
2719,0.18
2720,0.15
2721,0.18
2722,0.15
2723,0.16
2724,0.18
2725,0.20
2726,0.16
2727,0.15
2728,0.16
2729,0.16
2730,0.17
2731,0.16
2732,0.15
2733,0.15
2734,0.17
2735,0.18
2736,0.15
2737,0.17
2738,0.18
2739,0.16
2740,0.16
2741,0.16
2742,0.17
2743,0.17
2744,0.19
2745,0.16
2746,0.15
2747,0.15
2748,0.17
2749,0.17
2750,0.17
2751,0.16
2752,0.16
2753,0.17
2754,0.21
2755,0.17
2756,0.16
2757,0.18
2758,0.16
2759,0.16
2760,0.21
2761,0.16
2762,0.18
2763,0.18
2764,0.30
2765,0.16
2766,0.16
2767,0.16
2768,0.15
2769,0.16
2770,0.16
2771,0.18
2772,0.19
2773,0.17
2774,0.15
2775,0.18
2776,0.15
2777,0.19
2778,0.18
2779,0.16
2780,0.20
2781,0.21
2782,0.19
2783,0.16
2784,0.18
2785,0.18
2786,0.22
2787,0.21
2788,0.15
2789,0.18
2790,0.19
2791,0.16
2792,0.21
2793,0.18
2794,0.17
2795,0.19
2796,0.18
2797,0.18
2798,0.15
2799,0.15
2800,0.19
2801,0.16
2802,0.16
2803,0.19
2804,0.15
2805,0.15
2806,0.21
2807,0.19
2808,0.16
2809,0.17
2810,0.21
2811,0.16
2812,0.24
2813,0.30
2814,0.16
2815,0.19
2816,0.16
2817,0.18
2818,0.29
2819,0.17
2820,0.17
2821,0.19
2822,0.21
2823,0.18
2824,0.21
2825,0.22
2826,0.22
2827,0.19
2828,0.18
2829,0.18
2830,0.17
2831,0.20
2832,0.20
2833,0.17
2834,0.17
2835,0.18
2836,0.26
2837,0.18
2838,0.17
2839,0.28
2840,0.18
2841,0.20
2842,0.15
2843,0.21
2844,0.20
2845,0.19
2846,0.17
2847,0.15
2848,0.23
2849,0.19
2850,0.16
2851,0.19
2852,0.16
2853,0.18
2854,0.18
2855,0.15
2856,0.18
2857,0.15
2858,0.18
2859,0.18
2860,0.15
2861,0.19
2862,0.19
2863,0.32
2864,0.23
2865,0.26
2866,0.20
2867,0.23
2868,0.21
2869,0.24
2870,0.18
2871,0.19
2872,0.20
2873,0.20
2874,0.21
2875,0.19
2876,0.18
2877,0.22
2878,0.16
2879,0.17
2880,0.21
2881,0.23
2882,0.20
2883,0.24
2884,0.15
2885,0.17
2886,0.15
2887,0.20
2888,0.19
2889,0.22
2890,0.23
2891,0.17
2892,0.19
2893,0.17
2894,0.23
2895,0.16
2896,0.20
2897,0.20
2898,0.18
2899,0.16
2900,0.16
2901,0.26
2902,0.17
2903,0.26
2904,0.33
2905,0.23
2906,0.24
2907,0.21
2908,0.18
2909,0.29
2910,0.26
2911,0.24
2912,0.23
2913,0.25
2914,0.19
2915,0.25
2916,0.28
2917,0.18
2918,0.18
2919,0.26
2920,0.32
2921,0.21
2922,0.17
2923,0.25
2924,0.23
2925,0.29
2926,0.15
2927,0.29
2928,0.28
2929,0.24
2930,0.20
2931,0.24
2932,0.23
2933,0.15
2934,0.20
2935,0.16
2936,0.21
2937,0.24
2938,0.19
2939,0.20
2940,0.29
2941,0.22
2942,0.18
2943,0.37
2944,0.38
2945,0.27
2946,0.29
2947,0.16
2948,0.18
2949,0.20
2950,0.19
2951,0.35
2952,0.16
2953,0.21
2954,0.19
2955,0.27
2956,0.33
2957,0.19
2958,0.22
2959,0.24
2960,0.35
2961,0.17
2962,0.37
2963,0.15
2964,0.23
2965,0.18
2966,0.38
2967,0.21
2968,0.23
2969,0.32
2970,0.17
2971,0.19
2972,0.25
2973,0.20
2974,0.30
2975,0.17
2976,0.23
2977,0.22
2978,0.25
2979,0.45
2980,0.16
2981,0.19
2982,0.23
2983,0.20
2984,0.21
2985,0.28
2986,0.43
2987,0.19
2988,0.32
2989,0.25
2990,0.18
2991,0.21
2992,0.27
2993,0.27
2994,0.31
2995,0.18
2996,0.24
2997,0.22
2998,0.15
2999,0.46
3000,0.42
3001,0.32
3002,0.30
3003,0.32
3004,0.32
3005,0.24
3006,0.15
3007,0.21
3008,0.27
3009,0.21
3010,0.27
3011,0.33
3012,0.25
3013,0.18
3014,0.29
3015,0.18
3016,0.20
3017,0.29
3018,0.20
3019,0.43
3020,0.52
3021,0.19
3022,0.36
3023,0.31
3024,0.18
3025,0.34
3026,0.44
3027,0.39
3028,0.40
3029,0.33
3030,0.19
3031,0.15
3032,0.21
3033,0.40
3034,0.22
3035,0.30
3036,0.32
3037,0.40
3038,0.29
3039,0.18
3040,0.28
3041,0.21
3042,0.23
3043,0.21
3044,0.19
3045,0.32
3046,0.25
3047,0.32
3048,0.19
3049,0.27
3050,0.22
3051,0.39
3052,0.34
3053,0.19
3054,0.45
3055,0.23
3056,0.43
3057,0.34
3058,0.19
3059,0.27
3060,0.31
3061,0.27
3062,0.29
3063,0.34
3064,0.37
3065,0.38
3066,0.24
3067,0.21
3068,0.23
3069,0.20
3070,0.24
3071,0.15
3072,0.62
3073,0.46
3074,0.29
3075,0.27
3076,0.33
3077,0.46
3078,0.59
3079,0.31
3080,0.32
3081,0.36
3082,0.36
3083,0.28
3084,0.53
3085,0.41
3086,0.29
3087,0.30
3088,0.19
3089,0.28
3090,0.70
3091,0.33
3092,0.17
3093,0.20
3094,0.16
3095,0.21
3096,0.50
3097,0.36
3098,0.46
3099,0.20
3100,0.28
3101,0.53
3102,0.23
3103,0.21
3104,0.63
3105,0.36
3106,0.28
3107,0.36
3108,0.53
3109,0.22
3110,0.20
3111,0.28
3112,0.18
3113,0.30
3114,0.47
3115,0.27
3116,0.42
3117,0.50
3118,0.33
3119,0.69
3120,0.28
3121,0.31
3122,0.26
3123,0.41
3124,0.31
3125,0.16
3126,0.29
3127,0.41
3128,0.41
3129,0.37
3130,0.31
3131,0.23
3132,0.31
3133,0.21
3134,0.15
3135,0.43
3136,0.47
3137,0.54
3138,0.27
3139,0.36
3140,0.40
3141,0.33
3142,0.43
3143,0.18
3144,0.22
3145,0.39
3146,0.30
3147,0.71
3148,0.23
3149,0.58
3150,0.45
3151,0.18
3152,0.44
3153,0.39
3154,0.59
3155,0.51
3156,0.21
3157,0.37
3158,0.59
3159,0.20
3160,0.30
3161,0.19
3162,0.54
3163,0.40
3164,0.36
3165,0.23
3166,0.65
3167,0.22
3168,0.57
3169,0.33
3170,0.21
3171,0.29
3172,0.40
3173,0.27
3174,0.73
3175,0.17
3176,0.38
3177,0.43
3178,0.35
3179,0.50
3180,0.28
3181,0.36
3182,0.44
3183,0.15
3184,0.51
3185,0.52
3186,0.32
3187,0.32
3188,0.47
3189,0.23
3190,0.21
3191,0.39
3192,0.24
3193,0.37
3194,0.30
3195,0.82
3196,0.41
3197,0.15
3198,0.59
3199,0.23
3200,0.50
3201,0.61
3202,0.19
3203,0.32
3204,0.43
3205,0.31
3206,0.35
3207,0.45
3208,0.39
3209,0.32
3210,0.24
3211,0.38
3212,0.45
3213,0.43
3214,0.78
3215,0.37
3216,0.44
3217,0.19
3218,0.52
3219,0.36
3220,0.60
3221,0.40
3222,0.40
3223,0.33
3224,0.36
3225,0.35
3226,0.94
3227,0.20
3228,0.42
3229,0.42
3230,0.15
3231,0.64
3232,1.54
3233,0.84
3234,0.53
3235,0.19
3236,0.30
3237,0.48
3238,0.58
3239,0.40
3240,0.56
3241,0.36
3242,0.32
3243,0.29
3244,0.36
3245,0.42
3246,0.58
3247,0.46
3248,0.52
3249,0.32
3250,0.45
3251,0.56
3252,0.58
3253,0.60
3254,0.22
3255,0.53
3256,0.79
3257,0.69
3258,0.60
3259,0.37
3260,0.38
3261,0.46
3262,0.34
3263,1.43
3264,0.58
3265,0.50
3266,0.35
3267,0.64
3268,0.15
3269,0.50
3270,0.26
3271,0.38
3272,0.52
3273,0.52
3274,0.83
3275,0.60
3276,0.38
3277,0.60
3278,0.75
3279,0.49
3280,1.10
3281,0.24
3282,0.16
3283,0.31
3284,1.00
3285,0.51
3286,0.40
3287,0.75
3288,0.48
3289,0.34
3290,0.34
3291,1.19
3292,0.34
3293,0.95
3294,0.41
3295,0.99
3296,0.49
3297,0.78
3298,0.60
3299,0.79
3300,1.00
3301,0.67
3302,1.27
3303,0.77
3304,0.49
3305,0.25
3306,0.43
3307,0.34
3308,0.47
3309,0.36
3310,0.22
3311,0.28
3312,0.41
3313,0.59
3314,0.42
3315,0.69
3316,0.57
3317,0.32
3318,0.71
3319,0.30
3320,1.39
3321,1.05
3322,0.54
3323,0.22
3324,2.09
3325,0.79
3326,0.36
3327,1.33
3328,0.44
3329,0.49
3330,1.03
3331,0.89
3332,0.90
3333,0.27
3334,0.34
3335,1.18
3336,0.92
3337,0.59
3338,0.21
3339,1.52
3340,0.59
3341,0.79
3342,1.48
3343,0.88
3344,1.21
3345,1.17
3346,0.90
3347,1.15
3348,1.64
3349,0.39
3350,1.57
3351,1.56
3352,0.36
3353,1.50
3354,0.96
3355,1.59
3356,0.68
3357,0.56
3358,0.49
3359,0.67
3360,2.87
3361,0.83
3362,2.08
3363,3.14
3364,0.80
3365,1.47
3366,2.48
3367,0.32
3368,0.88
3369,2.42
3370,0.65
3371,0.43
3372,0.96
3373,0.66
3374,0.77
3375,0.22
3376,0.24
3377,0.69
3378,1.22
3379,1.04
3380,0.44
3381,1.53
3382,1.00
3383,0.81
3384,1.25
3385,2.79
3386,1.93
3387,3.19
3388,0.55
3389,0.46
3390,1.48
3391,1.54
3392,0.97
3393,0.97
3394,3.10
3395,1.98
3396,2.68
3397,4.28
3398,0.67
3399,1.44
3400,1.43
3401,0.29
3402,0.51
3403,3.51
3404,0.73
3405,1.46
3406,4.28
3407,0.28
3408,0.17
3409,1.43
3410,0.54
3411,2.83
3412,3.15
3413,0.19
3414,0.99
3415,2.21
3416,2.87
3417,3.26
3418,0.30
3419,4.15
3420,3.55
3421,1.90
3422,5.72
3423,1.78
3424,0.43
3425,0.61
3426,7.04
3427,1.12
3428,0.62
3429,0.41
3430,7.24
3431,1.43
3432,0.36
3433,4.35
3434,18.20
3435,3.84
3436,0.41
3437,0.24
3438,0.15
3439,0.15
3440,0.15
3441,0.15
3442,0.15
3443,0.15
3444,0.15
3445,0.15
3446,0.15
3447,0.15
3448,0.16
3449,0.16
3450,0.15
3451,0.15
3452,0.15
3453,0.15
3454,0.22
3455,0.15
3456,0.18
3457,0.15
3458,0.15
3459,0.15
3460,0.16
3461,0.15
3462,0.16
3463,0.15
3464,0.16
3465,0.15
3466,0.17
3467,0.15
3468,0.16
3469,0.18
3470,0.16
3471,0.15
3472,0.15
3473,0.15
3474,0.17
3475,0.16
3476,0.16
3477,0.15
3478,0.15
3479,0.15
3480,0.16
3481,0.16
3482,0.16
3483,0.15
3484,0.16
3485,0.16
3486,0.16
3487,0.22
3488,0.18
3489,0.15
3490,0.16
3491,0.17
3492,0.15
3493,0.16
3494,0.15
3495,0.21
3496,0.19
3497,0.16
3498,0.15
3499,0.16
3500,0.16
3501,0.20
3502,0.15
3503,0.15
3504,0.17
3505,0.19
3506,0.18
3507,0.15
3508,0.19
3509,0.16
3510,0.17
3511,0.17
3512,0.16
3513,0.17
3514,0.17
3515,0.17
3516,0.17
3517,0.18
3518,0.17
3519,0.17
3520,0.17
3521,0.25
3522,0.16
3523,0.17
3524,0.17
3525,0.18
3526,0.21
3527,0.16
3528,0.19
3529,0.20
3530,0.21
3531,0.17
3532,0.16
3533,0.25
3534,0.18
3535,0.19
3536,0.18
3537,0.15
3538,0.21
3539,0.15
3540,0.19
3541,0.17
3542,0.18
3543,0.18
3544,0.15
3545,0.26
3546,0.22
3547,0.18
3548,0.17
3549,0.23
3550,0.20
3551,0.26
3552,0.16
3553,0.22
3554,0.22
3555,0.21
3556,0.18
3557,0.18
3558,0.17
3559,0.22
3560,0.15
3561,0.18
3562,0.20
3563,0.18
3564,0.19
3565,0.18
3566,0.22
3567,0.17
3568,0.22
3569,0.18
3570,0.15
3571,0.17
3572,0.16
3573,0.23
3574,0.16
3575,0.15
3576,0.28
3577,0.22
3578,0.16
3579,0.19
3580,0.22
3581,0.21
3582,0.16
3583,0.22
3584,0.23
3585,0.24
3586,0.25
3587,0.17
3588,0.15
3589,0.15
3590,0.17
3591,0.18
3592,0.31
3593,0.27
3594,0.23
3595,0.20
3596,0.30
3597,0.16
3598,0.20
3599,0.20
3600,0.21
3601,0.21
3602,0.20
3603,0.16
3604,0.35
3605,0.26
3606,0.17
3607,0.18
3608,0.17
3609,0.18
3610,0.16
3611,0.33
3612,0.24
3613,0.28
3614,0.18
3615,0.21
3616,0.20
3617,0.24
3618,0.19
3619,0.15
3620,0.16
3621,0.19
3622,0.19
3623,0.21
3624,0.26
3625,0.29
3626,0.22
3627,0.20
3628,0.26
3629,0.25
3630,0.22
3631,0.17
3632,0.16
3633,0.34
3634,0.29
3635,0.23
3636,0.20
3637,0.25
3638,0.19
3639,0.25
3640,0.30
3641,0.17
3642,0.23
3643,0.17
3644,0.24
3645,0.25
3646,0.20
3647,0.21
3648,0.25
3649,0.35
3650,0.15
3651,0.23
3652,0.22
3653,0.15
3654,0.16
3655,0.20
3656,0.20
3657,0.22
3658,0.21
3659,0.29
3660,0.16
3661,0.18
3662,0.41
3663,0.18
3664,0.22
3665,0.24
3666,0.19
3667,0.24
3668,0.18
3669,0.17
3670,0.22
3671,0.17
3672,0.44
3673,0.22
3674,0.31
3675,0.20
3676,0.31
3677,0.41
3678,0.18
3679,0.36
3680,0.31
3681,0.20
3682,0.28
3683,0.21
3684,0.48
3685,0.30
3686,0.18
3687,0.25
3688,0.17
3689,0.18
3690,0.31
3691,0.21
3692,0.33
3693,0.32
3694,0.17
3695,0.41
3696,0.24
3697,0.24
3698,0.43
3699,0.19
3700,0.20
3701,0.20
3702,0.34
3703,0.21
3704,0.15
3705,0.34
3706,0.29
3707,0.31
3708,0.23
3709,0.15
3710,0.30
3711,0.28
3712,0.20
3713,0.28
3714,0.28
3715,0.22
3716,0.25
3717,0.15
3718,0.23
3719,0.31
3720,0.23
3721,0.44
3722,0.32
3723,0.43
3724,0.20
3725,0.28
3726,0.20
3727,0.21
3728,0.45
3729,0.15
3730,0.32
3731,0.41
3732,0.16
3733,0.15
3734,0.48
3735,0.30
3736,0.20
3737,0.47
3738,0.39
3739,0.27
3740,0.45
3741,0.23
3742,0.18
3743,0.34
3744,0.21
3745,0.32
3746,0.15
3747,0.42
3748,0.15
3749,0.18
3750,0.27
3751,0.22
3752,0.42
3753,0.38
3754,0.23
3755,0.20
3756,0.80
3757,0.27
3758,0.47
3759,0.33
3760,0.33
3761,0.40
3762,0.24
3763,0.23
3764,0.37
3765,0.16
3766,0.21
3767,0.21
3768,0.28
3769,0.27
3770,0.29
3771,0.25
3772,0.24
3773,0.26
3774,0.34
3775,0.26
3776,0.35
3777,0.22
3778,0.43
3779,0.37
3780,0.29
3781,0.17
3782,0.45
3783,0.29
3784,0.19
3785,0.36
3786,0.35
3787,0.27
3788,0.24
3789,0.32
3790,0.52
3791,0.58
3792,0.26
3793,0.58
3794,0.37
3795,0.19
3796,0.22
3797,0.57
3798,0.15
3799,0.43
3800,0.66
3801,0.15
3802,0.38
3803,0.48
3804,0.66
3805,0.16
3806,0.23
3807,0.24
3808,0.18
3809,0.42
3810,0.57
3811,0.17
3812,0.47
3813,0.24
3814,0.36
3815,0.33
3816,0.25
3817,0.23
3818,0.34
3819,0.33
3820,0.15
3821,0.45
3822,0.42
3823,0.33
3824,0.68
3825,0.93
3826,0.34
3827,0.44
3828,0.43
3829,0.79
3830,2.32
3831,0.51
3832,0.35
3833,0.50
3834,0.24
3835,0.63
3836,0.43
3837,0.44
3838,0.85
3839,0.25
3840,0.43
3841,0.69
3842,0.66
3843,0.52
3844,0.26
3845,0.38
3846,0.28
3847,0.46
3848,0.49
3849,0.23
3850,1.08
3851,1.23
3852,0.33
3853,0.15
3854,0.15
3855,0.42
3856,0.15
3857,0.30
3858,0.64
3859,0.22
3860,0.86
3861,0.71
3862,0.55
3863,0.45
3864,0.38
3865,0.21
3866,0.51
3867,0.99
3868,0.57
3869,0.61
3870,0.59
3871,0.28
3872,0.40
3873,0.74
3874,0.50
3875,0.15
3876,0.42
3877,0.97
3878,0.28
3879,0.15
3880,0.31
3881,0.75
3882,0.23
3883,0.57
3884,0.85
3885,0.21
3886,0.72
3887,0.39
3888,0.41
3889,0.35
3890,0.29
3891,0.62
3892,0.58
3893,0.41
3894,0.74
3895,0.37
3896,0.63
3897,0.22
3898,0.83
3899,0.30
3900,0.78
3901,0.38
3902,1.23
3903,0.70
3904,0.61
3905,0.43
3906,1.22
3907,1.18
3908,0.59
3909,0.59
3910,0.26
3911,0.70
3912,0.90
3913,0.72
3914,0.21
3915,0.61
3916,0.54
3917,1.99
3918,1.84
3919,1.42
3920,0.50
3921,2.10
3922,0.17
3923,1.12
3924,1.52
3925,0.29
3926,1.23
3927,1.64
3928,0.17
3929,0.62
3930,1.66
3931,1.36
3932,0.46
3933,0.92
3934,1.06
3935,0.15
3936,0.22
3937,0.48
3938,3.01
3939,0.22
3940,0.46
3941,1.08
3942,0.17
3943,1.40
3944,0.35
3945,2.91
3946,0.33
3947,2.46
3948,3.86
3949,1.11
3950,1.30
3951,2.09
3952,0.28
3953,0.36
3954,0.57
3955,0.18
3956,2.10
3957,1.39
3958,1.15
3959,0.16
3960,1.40
3961,0.98
3962,2.74
3963,1.10
3964,1.69
3965,0.22
3966,2.60
3967,3.45
3968,5.34
3969,2.18
3970,0.43
3971,9.83
3972,2.85
3973,1.10
3974,0.15
3975,2.23
3976,2.13
3977,0.34
3978,0.22
3979,1.90
3980,0.20
3981,0.15
3982,0.15
3983,0.15
3984,0.15
3985,0.15
3986,0.16
3987,0.15
3988,0.19
3989,0.21
3990,0.15
3991,0.20
3992,0.15
3993,0.22
3994,0.18
3995,0.28
3996,0.17
3997,0.20
3998,0.23
3999,0.17
4000,0.29
4001,0.15
4002,0.25
4003,0.16
4004,0.29
4005,0.25
4006,0.15
4007,0.20
4008,0.15
4009,0.29
4010,0.15
4011,0.25
4012,0.28
4013,0.24
4014,0.28
4015,0.15
4016,0.28
4017,0.46
4018,0.24
4019,0.32
4020,0.25
4021,0.49
4022,0.15
4023,0.72
4024,0.15
4025,0.52
4026,0.75
4027,0.38
4028,0.23
4029,0.28
4030,1.99
4031,1.05
4032,0.26
4033,0.22
4034,0.31
4035,0.15
4036,0.23
4037,0.24
4038,1.54
